{"input_shapes": [[3]], "input_data": [[0.022756576538085938, 0.08281712234020233, 0.002522796392440796]], "output_data": [[0.022756576538085938, 0.08281712234020233, 0.002522796392440796]]}